target_id,ens_gene,ext_gene,b,qval,regulation
F26H9.5,WBGene00009177,F26H9.5,1.8694504443783702,1.9285991903842495e-164,candidate for direct regulation
C31C9.2,WBGene00007836,C31C9.2,2.7896830562560697,6.182094281460169e-162,candidate for direct regulation
T13F3.6,WBGene00011753,T13F3.6,-3.54295632498227,2.5628824959339888e-155,candidate for indirect regulation
R08E5.3,WBGene00019963,R08E5.3,4.75893376750046,1.1654034204866695e-153,candidate for direct regulation
K10H10.2.1,WBGene00010759,cysl-2,3.71936758599787,4.4610139808591985e-153,candidate for direct regulation
T05B4.2,WBGene00003647,nhr-57,4.23633488596982,3.636840017389779e-132,candidate for direct regulation
VF13D12L.3,WBGene00012149,VF13D12L.3,1.58047019763882,1.6843875896296096e-101,candidate for direct regulation
F23D12.11,WBGene00194674,F23D12.11,-2.30806868320754,2.7270633303536495e-98,candidate for indirect regulation
Y11D7A.10a,WBGene00012434,Y11D7A.10,2.21050823927971,2.132616848503639e-95,candidate for direct regulation
F35G2.4,WBGene00004025,phy-2,2.31872457386311,1.4376996500337694e-89,candidate for direct regulation
R02E12.2b,WBGene00019827,mop-25.1,1.47225616871779,2.7885911573635494e-88,candidate for direct regulation
C17G1.7,WBGene00007653,cysl-1,1.78494424577025,6.942642395978628e-84,candidate for direct regulation
Y37A1B.5a,WBGene00012538,Y37A1B.5,2.73826611327391,8.732153388826479e-77,candidate for direct regulation
ZK1058.6,WBGene00014206,nit-1,3.40636293717101,4.871612737266289e-75,candidate for direct regulation
F26H9.7,WBGene00006732,uev-3,1.4329258364846102,5.6181660360046685e-56,candidate for direct regulation
F22A3.6a,WBGene00017691,ilys-5,-1.74630132783647,3.2135471633588997e-55,candidate for indirect regulation
C05E11.4,WBGene00000133,amt-1,-4.724351021805241,1.0311865423605498e-50,candidate for indirect regulation
ZK637.13.1,WBGene00014030,glb-1,2.08682568499453,5.286434451858779e-50,candidate for direct regulation
M05D6.5a,WBGene00010878,M05D6.5,1.8182520163078302,1.28241873450324e-47,candidate for direct regulation
M05D6.5b,WBGene00010878,M05D6.5,1.8182520163078302,1.28241873450324e-47,candidate for direct regulation
F55G11.8,WBGene00010128,F55G11.8,2.17006774797294,3.19770143569036e-47,candidate for direct regulation
F35F10.5,WBGene00018055,F35F10.5,-5.052750571433269,8.69148977348062e-45,candidate for indirect regulation
R08E5.1,WBGene00019961,R08E5.1,3.8098026634486604,2.84714052275774e-44,candidate for direct regulation
K11D12.13,WBGene00044535,K11D12.13,1.45214453875429,3.73917701150925e-44,candidate for direct regulation
T09H2.1,WBGene00020386,cyp-34A4,-3.2269999091916297,5.452202437157239e-43,candidate for indirect regulation
C32H11.12,WBGene00007875,dod-24,2.63099381671684,9.4846018698231e-42,candidate for direct regulation
F27D9.5,WBGene00017864,pcca-1,0.8530363372989019,2.0397356653744198e-41,candidate for direct regulation
Y38E10A.11,WBGene00012589,nspe-4,5.46885131466685,4.05934855415714e-40,candidate for direct regulation
F10D2.9,WBGene00001399,fat-7,-3.37570232022673,5.563072600708231e-40,candidate for indirect regulation
Y54G2A.39a,WBGene00043062,clec-80,2.04532950115305,5.65525119805241e-40,candidate for direct regulation
M03B6.2,WBGene00010834,mct-3,-1.12105743999824,6.74370381321237e-39,candidate for indirect regulation
C15H9.7,WBGene00015802,flu-2,-1.19753729195492,4.72709062994267e-36,candidate for indirect regulation
F52E4.1a.1,WBGene00018701,pccb-1,0.826734084758435,5.757991518178009e-33,candidate for direct regulation
F49F1.7a,WBGene00018647,F49F1.7,3.16318168740269,6.30752423467503e-33,candidate for direct regulation
F54D8.6,WBGene00018802,F54D8.6,0.806347605884775,5.527044038641059e-32,candidate for direct regulation
F15E11.12a,WBGene00017498,pud-4,-7.40869458282415,5.4806772215277e-31,candidate for indirect regulation
C33A12.7,WBGene00007886,ethe-1,1.85422367826637,1.86549612629843e-30,candidate for direct regulation
C29F7.3,WBGene00007812,C29F7.3,-0.8234864355266759,5.4080432988920296e-30,candidate for indirect regulation
C50B6.7,WBGene00008220,C50B6.7,-1.98921500587156,1.55304586518458e-29,candidate for indirect regulation
F15E11.15b,WBGene00017501,pud-3,-5.776123159863929,1.4220597676237098e-28,candidate for indirect regulation
C50F4.8,WBGene00008233,C50F4.8,1.66776948708442,3.23257256825627e-28,candidate for direct regulation
W07A12.6,WBGene00012323,oac-54,4.13933893265879,1.56434919442382e-27,candidate for direct regulation
C44C1.5a.1,WBGene00016644,abhd-3.2,-1.33471822197682,2.14392014532206e-26,candidate for indirect regulation
F59C6.16,WBGene00077764,F59C6.16,-2.29538671682424,2.23264097179372e-26,candidate for indirect regulation
W05G11.6c,WBGene00021043,pck-1,2.77283650234416,4.02943489951373e-26,candidate for direct regulation
C35A5.3,WBGene00007947,C35A5.3,-1.58164904804815,1.2330942236052399e-25,candidate for indirect regulation
Y47D3B.10,WBGene00001077,dpy-18,1.8649005560038399,2.89689417386403e-25,candidate for direct regulation
C34C12.7,WBGene00007926,C34C12.7,1.44089220645042,4.833471917234439e-25,candidate for direct regulation
F28D1.3,WBGene00009213,thn-1,-4.22500591474759,4.34973868430697e-24,candidate for indirect regulation
C12D5.9,WBGene00015710,C12D5.9,-2.4287700165135,6.95881946695363e-24,candidate for indirect regulation
W07G4.5,WBGene00012339,W07G4.5,1.1211710278651499,4.5006868771457e-23,candidate for direct regulation
M02D8.6,WBGene00019732,M02D8.6,1.61767616683751,5.94497690263356e-23,candidate for direct regulation
F25E2.2a,WBGene00017780,F25E2.2,-0.865519250819626,1.9149173732726797e-22,candidate for indirect regulation
C52E4.1,WBGene00000781,cpr-1,1.3916148213291601,6.45111523790388e-22,candidate for direct regulation
F29G6.1,WBGene00009257,F29G6.1,3.43790565292714,1.2757090470516e-21,candidate for direct regulation
R05F9.12,WBGene00019895,aagr-2,-0.7059726493160121,1.92584103239404e-21,candidate for indirect regulation
T28A11.2b,WBGene00020869,T28A11.2,-1.9192189187382098,2.16716556560946e-21,candidate for indirect regulation
F15E11.15a,WBGene00017501,pud-3,-6.59651396171276,2.44417019933868e-21,candidate for indirect regulation
T24B8.5,WBGene00011979,T24B8.5,3.0600814796858704,2.54038513117016e-21,candidate for direct regulation
R11D1.3,WBGene00011244,R11D1.3,-3.3339373234097405,4.9671633420025995e-21,candidate for indirect regulation
F35C5.9,WBGene00009397,clec-66,1.8483854073397,1.95533120434036e-20,candidate for direct regulation
F53F8.4,WBGene00010001,F53F8.4,1.4527543679222,5.60757259251336e-20,candidate for direct regulation
C26B9.3,WBGene00016133,C26B9.3,2.8613131806224703,5.867798077239679e-20,candidate for direct regulation
ZK228.3,WBGene00013946,ZK228.3,-1.75027092985922,6.723376671405231e-20,candidate for indirect regulation
F15E11.1,WBGene00017490,pud-2.1,-2.8849123208602405,8.491228597002349e-20,candidate for indirect regulation
F15E11.14,WBGene00017500,pud-2.2,-2.8849123208602405,8.491228597002349e-20,candidate for indirect regulation
ZK1320.9,WBGene00014258,ZK1320.9,-0.6371248926180191,9.22809989336371e-20,candidate for indirect regulation
R173.1,WBGene00000283,cah-5,-0.884863788652698,9.54716420068863e-20,candidate for indirect regulation
D1086.3,WBGene00008390,D1086.3,-2.0185489457157,9.904381961101119e-20,candidate for indirect regulation
F02H6.5b,WBGene00008538,sqrd-1,5.341275307261769,1.00264326462595e-19,candidate for direct regulation
Y4C6B.6,WBGene00021160,gba-4,-1.7644233031992098,1.0112725103647e-19,candidate for indirect regulation
C10C5.5,WBGene00007509,C10C5.5,2.45280907500551,1.2388720775012099e-19,candidate for direct regulation
R02E12.2a,WBGene00019827,mop-25.1,1.49883178845078,1.30308811169431e-19,candidate for direct regulation
K08E3.1,WBGene00010661,tyr-2,3.68567890420886,1.4607497272420002e-19,candidate for direct regulation
B0218.6a,WBGene00015050,clec-51,-0.914112324359908,1.4607497272420002e-19,candidate for indirect regulation
W09G12.9,WBGene00021123,W09G12.9,-1.36936557340709,3.15661673861062e-19,candidate for indirect regulation
F49F1.5a,WBGene00018645,F49F1.5,3.4758579402514203,1.26643571700727e-18,candidate for direct regulation
C07B5.5,WBGene00003828,nuc-1,-0.8923113332646899,1.62896892745084e-18,candidate for indirect regulation
C03E10.6,WBGene00007283,clec-222,2.34026171674712,2.01200930234293e-18,candidate for direct regulation
W05G11.6a.2,WBGene00021043,pck-1,3.51531477235198,2.6327522001519497e-18,candidate for direct regulation
Y19D10B.7,WBGene00021236,pud-1.2,-2.9965723076886897,3.12606561557419e-18,candidate for indirect regulation
T28H10.2,WBGene00012143,T28H10.2,1.2214877360412701,4.6796084477800695e-18,candidate for direct regulation
K02F3.3,WBGene00001392,far-8,-0.998064728543291,5.34322599362279e-18,candidate for indirect regulation
F38B2.4a,WBGene00009531,F38B2.4,0.776903635807043,5.42534514603157e-18,candidate for direct regulation
H40L08.2a,WBGene00014793,H40L08.2,1.2057860507549498,1.01613877485288e-17,candidate for direct regulation
T09A5.1a,WBGene00023408,cex-2,1.52222822634129,1.1394468031055302e-17,candidate for direct regulation
ZC443.5,WBGene00013900,ugt-18,4.7332264014618,1.1394468031055302e-17,candidate for direct regulation
F13D12.2,WBGene00002262,ldh-1,0.607483009653305,1.3606780880015698e-17,candidate for direct regulation
E01A2.10,WBGene00077701,poml-3,-0.834566142155328,2.05077321223364e-17,candidate for indirect regulation
Y105C5B.5a,WBGene00013647,Y105C5B.5,-1.09702582010203,2.14748155410879e-17,candidate for indirect regulation
K07C6.5,WBGene00019473,cyp-35A5,-1.99794026056954,2.88975237776407e-17,candidate for indirect regulation
F57B9.1,WBGene00018996,F57B9.1,0.939714324428869,2.88975237776407e-17,candidate for direct regulation
F58B3.1,WBGene00003093,lys-4,1.6964227494713402,5.77675517041457e-17,candidate for direct regulation
C17H12.8,WBGene00015933,C17H12.8,1.4325495660023302,5.77675517041457e-17,candidate for direct regulation
T19H12.9,WBGene00020592,ugt-12,-1.15017023656893,2.1828408033041996e-16,candidate for indirect regulation
F57H12.6,WBGene00019021,F57H12.6,3.14770600647303,4.54223300599938e-16,candidate for direct regulation
Y38E10A.5,WBGene00012583,clec-4,2.5629885052193,4.55795498573919e-16,candidate for direct regulation
C30G12.2,WBGene00016274,C30G12.2,-2.3095117624085804,5.1562277716217e-16,candidate for indirect regulation
F37B1.8,WBGene00001767,gst-19,4.65475106535529,8.959705549449688e-16,candidate for direct regulation
T27A10.3a,WBGene00000515,ckc-1,-1.03769181974272,3.25547988587058e-15,candidate for indirect regulation
T05D4.1.2,WBGene00011474,aldo-1,1.15786840321742,4.02699606101476e-15,candidate for direct regulation
F01G10.3a,WBGene00001158,ech-9,4.5912566161756,6.28995395795606e-15,candidate for direct regulation
F01G10.3b,WBGene00001158,ech-9,4.5912566161756,6.28995395795606e-15,candidate for direct regulation
M05D6.6.3,WBGene00010879,M05D6.6,3.42667275248989,9.96544510300547e-15,candidate for direct regulation
ZK666.6,WBGene00014046,clec-60,4.82293223591161,1.00279465919706e-14,candidate for direct regulation
B0222.3,WBGene00015055,pitr-3,2.2854086661953197,1.3899115325406002e-14,candidate for direct regulation
Y45G12C.2,WBGene00001758,gst-10,-1.18421764135994,1.56268860260232e-14,candidate for indirect regulation
F52E4.1a.2,WBGene00018701,pccb-1,1.3721233148422802,1.82650357812095e-14,candidate for direct regulation
T11F9.6,WBGene00003541,nas-22,2.45821185873818,2.77780046715827e-14,candidate for direct regulation
F38A3.2,WBGene00004300,ram-2,2.9929959867248797,3.01788975139196e-14,candidate for direct regulation
T07H3.1,WBGene00006464,bath-47,2.63054779047409,7.11501818639209e-14,candidate for direct regulation
K09C6.9,WBGene00019563,K09C6.9,-2.06853069376813,9.526825293668558e-14,candidate for indirect regulation
C02F12.5,WBGene00015355,C02F12.5,1.46884289842177,1.0292296205151199e-13,candidate for direct regulation
T27E4.7,WBGene00020865,T27E4.7,1.58067915079258,1.34294578116156e-13,candidate for direct regulation
T05A10.3,WBGene00011460,ttr-14,2.1304512441672503,1.4190468125463298e-13,candidate for direct regulation
C36A4.1,WBGene00007963,cyp-25A1,-2.02839563369241,1.45032799946441e-13,candidate for indirect regulation
Y40D12A.2,WBGene00021503,ctsa-2,0.85414489934172,1.83201376542501e-13,candidate for direct regulation
C12C8.2a,WBGene00007533,cbl-1,-0.8184309414570581,2.0533094909074497e-13,candidate for indirect regulation
C10C5.3,WBGene00007507,C10C5.3,1.5776104164921498,2.23121562216905e-13,candidate for direct regulation
F35E12.7a,WBGene00009431,dct-17,6.0694525846745195,2.76106288685463e-13,candidate for direct regulation
Y66D12A.9,WBGene00013435,Y66D12A.9,-0.587750031925506,2.88264289083341e-13,candidate for indirect regulation
Y41C4A.16,WBGene00000670,col-95,-1.44825683717977,3.3647226377970003e-13,candidate for indirect regulation
K10H10.2.2,WBGene00010759,cysl-2,5.12906685591366,3.45102365218229e-13,candidate for direct regulation
F15E6.4,WBGene00017485,F15E6.4,-1.83428747854362,5.30573823899625e-13,candidate for indirect regulation
F58B6.2,WBGene00019030,exc-6,1.34434501206822,5.428724624503491e-13,candidate for direct regulation
ZK1058.1,WBGene00014202,mmcm-1,0.482436176862341,5.4459082231423e-13,candidate for direct regulation
ZK970.7,WBGene00014173,ZK970.7,3.31438745563924,5.578298027296651e-13,candidate for direct regulation
F48E8.1a,WBGene00003055,lon-1,-0.931581428937132,1.02692100236637e-12,candidate for indirect regulation
H17B01.3,WBGene00019208,lips-14,-3.60583203346201,1.02692100236637e-12,candidate for indirect regulation
C09E8.3,WBGene00015646,mlt-10,2.82767829578478,1.34497336015689e-12,candidate for direct regulation
Y39G8B.9,WBGene00012728,Y39G8B.9,2.17796095144088,1.41837661735136e-12,candidate for direct regulation
T08B1.3,WBGene00000111,alh-5,-2.26995710163358,1.58779749017397e-12,candidate for indirect regulation
F38E11.1,WBGene00002012,hsp-12.3,2.2584033872388902,1.63394714246191e-12,candidate for direct regulation
Y79H2A.2a,WBGene00013579,Y79H2A.2,2.0475125278217803,1.9898911254311998e-12,candidate for direct regulation
Y43C5A.3,WBGene00012783,Y43C5A.3,0.910249062060428,2.13605475313964e-12,candidate for direct regulation
F09A5.9,WBGene00045245,ttr-34,1.6044406766261101,2.31721412266165e-12,candidate for direct regulation
C43H6.1,WBGene00016614,trpp-12,-0.8457953493702829,2.3967038327867098e-12,candidate for indirect regulation
ZK742.3,WBGene00022813,ZK742.3,-1.0390072460745101,3.01145914472187e-12,candidate for indirect regulation
C14F11.4a,WBGene00015780,C14F11.4,1.6357225556957,4.3151779997992005e-12,candidate for direct regulation
C09G5.4,WBGene00000616,col-39,3.05482623611696,4.691732105383191e-12,candidate for direct regulation
F41E6.15,WBGene00044554,F41E6.15,-1.30828237711368,5.1400306864872505e-12,candidate for indirect regulation
W02H5.8,WBGene00020962,W02H5.8,-0.797100145217561,5.167338072333809e-12,candidate for indirect regulation
K06B4.12,WBGene00006686,twk-34,1.2278910127140201,6.592815175799131e-12,candidate for direct regulation
W07A12.4,WBGene00012322,W07A12.4,2.53646561766915,7.1539471479158205e-12,candidate for direct regulation
T06E4.4,WBGene00000720,col-147,2.1565538075023203,7.28368053714202e-12,candidate for direct regulation
ZK265.9,WBGene00044094,fitm-2,-0.514697855025739,8.26134695148375e-12,candidate for indirect regulation
F43E2.5.1,WBGene00018393,msra-1,-1.92345496468308,1.05454973557704e-11,candidate for indirect regulation
C24B9.9,WBGene00016052,dod-3,3.32218443168176,1.3364965773834198e-11,candidate for direct regulation
Y62E10A.13c,WBGene00013379,Y62E10A.13,4.428247894898111,1.49977925418149e-11,candidate for direct regulation
M05D6.7,WBGene00001523,gbh-2,1.27047956062073,1.69576875375391e-11,candidate for direct regulation
F11G11.2,WBGene00001755,gst-7,0.44877565031507394,2.91127682614061e-11,candidate for direct regulation
E03G2.4,WBGene00000759,col-186,1.53951887566334,3.0188458568678105e-11,candidate for direct regulation
M03F4.7a,WBGene00019760,calu-1,-0.674189545838316,3.43001689392541e-11,candidate for indirect regulation
W05B2.1,WBGene00000669,col-94,1.20864183403168,5.49001637934433e-11,candidate for direct regulation
C52D10.3b,WBGene00016877,C52D10.3,-1.59247146363606,5.5092126014289e-11,candidate for indirect regulation
K08C7.5,WBGene00001477,fmo-2,3.8015016528014303,5.83862537545995e-11,candidate for direct regulation
H12D21.7b,WBGene00010383,mpst-3,2.54282846763702,7.408224997575041e-11,candidate for direct regulation
H12D21.7a,WBGene00010383,mpst-3,2.54282846763702,7.408224997575041e-11,candidate for direct regulation
T22C8.6,WBGene00011927,T22C8.6,1.579581913856,8.190889095072029e-11,candidate for direct regulation
T05E7.1,WBGene00020258,T05E7.1,-1.34206383239345,8.95379822538112e-11,candidate for indirect regulation
Y82E9BL.10,WBGene00022326,fbxa-14,1.36453456224785,9.819916155654491e-11,candidate for direct regulation
R102.11a,WBGene00077714,R102.11,2.53979183371069,9.86844813649762e-11,candidate for direct regulation
B0222.9,WBGene00015057,gad-3,-1.09286088290832,1.01929093510355e-10,candidate for indirect regulation
K10C2.1,WBGene00019617,K10C2.1,0.930605869672469,1.06630400979558e-10,candidate for direct regulation
F21A3.11,WBGene00219316,F21A3.11,1.0025653507191201,1.0928155337027199e-10,candidate for direct regulation
C34H4.2,WBGene00016425,C34H4.2,1.64533785584066,1.24401085574139e-10,candidate for direct regulation
Y46G5A.10,WBGene00012901,cnp-2,2.1995161779648997,1.4165418608212101e-10,candidate for direct regulation
Y46C8AL.5,WBGene00021583,clec-72,2.23887774253881,1.63800107030822e-10,candidate for direct regulation
ZK899.2,WBGene00014141,ZK899.2,-0.6488615185926739,1.7690758143432698e-10,candidate for indirect regulation
C36C5.12,WBGene00016481,C36C5.12,3.12136078690318,1.88778901450397e-10,candidate for direct regulation
B0350.2a,WBGene00006780,unc-44,0.484835760072044,2.4235090653431203e-10,candidate for direct regulation
M02F4.8.2,WBGene00000175,aqp-7,-0.8837908743205029,2.77439891212601e-10,candidate for indirect regulation
Y73C8C.2,WBGene00022261,clec-210,2.7817046663922,3.19529092896952e-10,candidate for direct regulation
F42A10.9,WBGene00023489,F42A10.9,-1.1579535592623,3.45416181597135e-10,candidate for indirect regulation
Y95B8A.2,WBGene00022383,Y95B8A.2,3.2223197615328103,3.58388261192594e-10,candidate for direct regulation
D1025.2,WBGene00008354,gcsh-1,-0.8632572431520179,4.0826002801257897e-10,candidate for indirect regulation
F21F8.3.2,WBGene00000218,asp-5,2.08503568298663,4.19308307596518e-10,candidate for direct regulation
K09F5.2,WBGene00006925,vit-1,-1.2419023752371299,7.15665646429356e-10,candidate for indirect regulation
B0213.14,WBGene00015043,cyp-34A8,-0.7524125446635379,7.90981617491489e-10,candidate for indirect regulation
ZC513.12,WBGene00006060,sth-1,2.1160233591682,9.520489799401149e-10,candidate for direct regulation
Y38F2AR.2,WBGene00021420,trap-3,-0.45912754482952295,1.03289487808137e-09,candidate for indirect regulation
T07D3.4,WBGene00020307,T07D3.4,0.958944631035347,1.0789526957226099e-09,candidate for direct regulation
Y43F4B.5a,WBGene00012803,Y43F4B.5,-0.44529498878005797,1.08591032903645e-09,candidate for indirect regulation
K09H9.8,WBGene00045387,K09H9.8,1.0803798022222,1.09094044825538e-09,candidate for direct regulation
Y47G6A.33,WBGene00045399,Y47G6A.33,-0.790117604587521,1.18655588939496e-09,candidate for indirect regulation
Y46C8AL.3,WBGene00021581,clec-70,3.94308554129493,1.4123929255672402e-09,candidate for direct regulation
Y41D4B.17,WBGene00021519,Y41D4B.17,2.35974619570797,1.8949971784317396e-09,candidate for direct regulation
C03E10.5,WBGene00007282,clec-223,1.14324623599,2.55331082021155e-09,candidate for direct regulation
C47E12.1.1,WBGene00005663,sars-1,-0.40458247864953994,2.57432957377155e-09,candidate for indirect regulation
ZC101.3,WBGene00013852,hhat-1,3.4854900086497795,3.08048358432367e-09,candidate for direct regulation
D1053.1,WBGene00001790,gst-42,-0.682848416777034,3.1275276211017897e-09,candidate for indirect regulation
F18G5.2,WBGene00003981,pes-8,2.5517033539177403,3.2024726408074604e-09,candidate for direct regulation
H23N18.3,WBGene00019234,ugt-8,-1.55792533217223,3.3450464669124395e-09,candidate for indirect regulation
C51E3.9a,WBGene00008254,C51E3.9,0.8604001024565909,4.17468454159622e-09,candidate for direct regulation
Y49E10.29,WBGene00045239,Y49E10.29,1.04292881831928,4.75977766047155e-09,candidate for direct regulation
ZK637.13.2,WBGene00014030,glb-1,1.77503714429838,4.8931720613074694e-09,candidate for direct regulation
F22H10.6,WBGene00017730,F22H10.6,-1.05483508077509,4.98181593380682e-09,candidate for indirect regulation
R11G11.7,WBGene00004144,pqn-60,1.04010591595368,5.50561203693537e-09,candidate for direct regulation
K04F10.1,WBGene00019394,K04F10.1,1.24922616686249,6.63870693972184e-09,candidate for direct regulation
ZK550.6,WBGene00014000,ZK550.6,0.8823718072321141,6.818405946886401e-09,candidate for direct regulation
W05B2.6,WBGene00000667,col-92,1.56382800320306,6.9857670467273714e-09,candidate for direct regulation
F09C8.1,WBGene00008621,F09C8.1,-1.7391272456007099,7.83705595376371e-09,candidate for indirect regulation
T02B5.3,WBGene00011364,T02B5.3,-1.27615828665546,8.25975789221803e-09,candidate for indirect regulation
Y113G7B.17.1,WBGene00013766,prmt-1,-0.4347758163322701,1.07507677551911e-08,candidate for indirect regulation
Y119D3B.18,WBGene00022494,fbxa-91,1.9374642794670303,1.2872762267099198e-08,candidate for direct regulation
C46F2.1,WBGene00016714,C46F2.1,-0.9563125741796609,1.3273316972170801e-08,candidate for indirect regulation
K07A1.6,WBGene00010613,K07A1.6,0.961898623609249,1.67752623436588e-08,candidate for direct regulation
ZK863.8,WBGene00014125,ZK863.8,0.979309291375453,1.67752623436588e-08,candidate for direct regulation
F20D1.9,WBGene00008979,F20D1.9,-0.581458304357092,1.76347979322166e-08,candidate for indirect regulation
F58G6.7,WBGene00010277,F58G6.7,-0.8148589898425709,2.3941944857004903e-08,candidate for indirect regulation
C05G5.4,WBGene00007350,sucl-1,-0.38612036012033796,2.87381833749942e-08,candidate for indirect regulation
C15A11.5,WBGene00000596,col-7,2.27427022948894,2.8925256717486502e-08,candidate for direct regulation
ZC190.4,WBGene00022538,ZC190.4,1.17238465528969,3.51698663319453e-08,candidate for direct regulation
F32A5.2a,WBGene00017968,skpo-3,1.78438118596583,4.22046605126409e-08,candidate for direct regulation
W06G6.20.2,WBGene00219308,W06G6.20,-3.56554116899362,5.54829110273986e-08,candidate for indirect regulation
C04G6.1b,WBGene00003402,mpk-2,2.6774518393194,5.75684604771867e-08,candidate for direct regulation
R10D12.1,WBGene00011185,R10D12.1,-1.62642010024155,7.207552459215831e-08,candidate for indirect regulation
Y5H2B.5,WBGene00021167,cyp-32B1,1.39754934844529,7.54555274631603e-08,candidate for direct regulation
D1009.1a,WBGene00017012,acs-22,-0.5519088628499741,7.59900539121534e-08,candidate for indirect regulation
T03E6.7a,WBGene00000776,cpl-1,-0.630865091799575,8.03036247188194e-08,candidate for indirect regulation
E04D5.3,WBGene00008482,cut-4,1.31534148824965,8.691977091297371e-08,candidate for direct regulation
C09D4.5.3,WBGene00004431,rpl-19,-0.6056159149805921,8.839846316028769e-08,candidate for indirect regulation
C55F2.1b,WBGene00016957,atic-1,-1.06631960467687,8.968637548297019e-08,candidate for indirect regulation
C25D7.5,WBGene00007717,C25D7.5,1.62113020394156,9.39963685269284e-08,candidate for direct regulation
R05F9.10,WBGene00019893,sgt-1,-0.36700436805692704,9.96586823302506e-08,candidate for indirect regulation
C05E7.1,WBGene00007343,C05E7.1,2.11574621586083,1.0717448265425801e-07,candidate for direct regulation
H13N06.4a,WBGene00010397,suox-1,-0.601174668255244,1.1242275122867999e-07,candidate for indirect regulation
Y66H1A.5,WBGene00022047,Y66H1A.5,0.5232230290890629,1.1637330015348198e-07,candidate for direct regulation
C03G5.1,WBGene00015391,sdha-1,0.38973218476920396,1.4652036733571402e-07,candidate for direct regulation
F45E1.4,WBGene00018465,F45E1.4,-0.8772596312949731,1.6864940981009801e-07,candidate for indirect regulation
E03G2.3,WBGene00003169,mec-5,-0.603796155524835,1.74207314134699e-07,candidate for indirect regulation
H12D21.7c,WBGene00010383,mpst-3,6.33146942775825,1.89676039367971e-07,candidate for direct regulation
Y66H1B.4,WBGene00004981,spl-1,-0.384555801399037,1.93483850246729e-07,candidate for indirect regulation
W09H1.6b,WBGene00002264,lec-1,0.7932339650965892,2.0360752464996898e-07,candidate for direct regulation
Y11D7A.10d,WBGene00012434,Y11D7A.10,4.32549723162902,2.1032103629665002e-07,candidate for direct regulation
Y9C9A.8,WBGene00021178,Y9C9A.8,2.08945252266981,2.1498705407013602e-07,candidate for direct regulation
F52B10.1,WBGene00003776,nmy-1,0.9401254932131569,2.1575565918865398e-07,candidate for direct regulation
C49C3.1,WBGene00004908,snf-9,1.00087997145511,2.3421256910153398e-07,candidate for direct regulation
M02H5.1,WBGene00003689,nhr-99,1.3176989956293401,2.34439575957049e-07,candidate for direct regulation
C44F1.3,WBGene00002267,lec-4,-0.430698732990627,2.57202587875023e-07,candidate for indirect regulation
F17C11.1,WBGene00008913,F17C11.1,0.6253987418145961,2.6795926874897e-07,candidate for direct regulation
T22B7.7,WBGene00020674,T22B7.7,-2.13084972413633,2.93339846999748e-07,candidate for indirect regulation
C34H4.3a,WBGene00044073,tag-244,1.0077237650689301,3.04183671199742e-07,candidate for direct regulation
T04A8.5,WBGene00011407,ppat-1,-0.744248258645903,3.0749507814761403e-07,candidate for indirect regulation
T10B5.8,WBGene00020394,T10B5.8,-1.21337707538116,3.0973760674563396e-07,candidate for indirect regulation
T19D12.6,WBGene00020581,T19D12.6,-0.45522432098748705,3.4146844476823804e-07,candidate for indirect regulation
F02A9.4a,WBGene00008514,F02A9.4,-0.352998160130155,3.45926660698069e-07,candidate for indirect regulation
F47B10.1,WBGene00009812,suca-1,-0.34921409227165806,5.140224916171929e-07,candidate for indirect regulation
R151.9,WBGene00020112,pfd-5,-0.41882461219029404,5.140224916171929e-07,candidate for indirect regulation
C18E9.6,WBGene00007686,tomm-40,-0.349116101889375,5.679392654547461e-07,candidate for indirect regulation
T04G9.5,WBGene00020216,trap-2,-0.402908182764077,5.75286834737732e-07,candidate for indirect regulation
F20H11.3,WBGene00003162,mdh-2,-0.38652473204351895,5.79169038715675e-07,candidate for indirect regulation
Y51H7BM.1,WBGene00021772,math-45,2.19931619598459,7.52769268781893e-07,candidate for direct regulation
T04F8.7a,WBGene00011445,T04F8.7,1.15457495496118,8.04299459531576e-07,candidate for direct regulation
D2096.8,WBGene00017075,nap-1,-0.39543794560320294,8.58015192486531e-07,candidate for indirect regulation
C03G6.15,WBGene00015400,cyp-35A2,-1.00481446534881,9.252550154126042e-07,candidate for indirect regulation
F44F4.11,WBGene00006530,tba-4,-0.5747795277586,1.03557052270676e-06,candidate for indirect regulation
T28A11.2a,WBGene00020869,T28A11.2,-1.90675694076208,1.25360134698562e-06,candidate for indirect regulation
F56B6.2a,WBGene00004350,rgs-7,4.763454050128231,1.25963551638822e-06,candidate for direct regulation
T04C10.4.1,WBGene00000221,atf-5,-0.46954143780727503,1.28678235173694e-06,candidate for indirect regulation
D1086.18,WBGene00045405,D1086.18,1.6775663681253001,1.28678235173694e-06,candidate for direct regulation
Y27F2A.3,WBGene00005552,sri-40,-0.8269760915524259,1.2973464972908701e-06,candidate for indirect regulation
Y39E4A.3a,WBGene00012713,Y39E4A.3,-0.40842658405618104,1.36440822624497e-06,candidate for indirect regulation
F22A3.2,WBGene00017688,ttr-35,-0.7044511028416841,1.47827690536579e-06,candidate for indirect regulation
K05B2.3,WBGene00002052,ifa-4,0.812406189305972,1.5462145313988898e-06,candidate for direct regulation
D1086.10c,WBGene00044080,D1086.10,0.9506879620038641,1.70416519380602e-06,candidate for direct regulation
C44B12.1,WBGene00016636,perm-2,-0.45434745637704105,1.79685676052973e-06,candidate for indirect regulation
K02D7.5,WBGene00019300,swt-1,1.02748262261488,1.8521907825189301e-06,candidate for direct regulation
W04G3.6d,WBGene00012259,sulp-7,0.7257199061047529,1.91337996218677e-06,candidate for direct regulation
R12E2.11,WBGene00020036,R12E2.11,-0.384464648817074,1.9248291719391103e-06,candidate for indirect regulation
R07B1.3,WBGene00011076,scav-5,0.83693003891565,1.94998256661027e-06,candidate for direct regulation
T10B5.5a,WBGene00020391,cct-7,-0.34552132395709095,1.9659099293348e-06,candidate for indirect regulation
B0281.3,WBGene00015110,B0281.3,-0.9865132864888678,2.03403986895938e-06,candidate for indirect regulation
F32B5.8a,WBGene00000788,cpz-1,-0.6030867070839139,2.03403986895938e-06,candidate for indirect regulation
R12C12.5,WBGene00020025,R12C12.5,0.494144077635332,2.38268980144136e-06,candidate for direct regulation
F30H5.1,WBGene00006781,unc-45,-0.430058638904674,2.39199823742991e-06,candidate for indirect regulation
Y51A2D.18,WBGene00013083,Y51A2D.18,-0.582148567692003,2.62101593824532e-06,candidate for indirect regulation
F02H6.5c,WBGene00008538,sqrd-1,6.3762248281790805,2.6690411836708698e-06,candidate for direct regulation
C12D8.14,WBGene00007541,fipr-4,2.0132652534726296,3.30268948180503e-06,candidate for direct regulation
Y45F10C.4,WBGene00012880,Y45F10C.4,0.934289592745399,3.35055190325687e-06,candidate for direct regulation
B0294.1,WBGene00015117,B0294.1,2.24759198190328,3.87429136559043e-06,candidate for direct regulation
Y119C1B.5,WBGene00022471,Y119C1B.5,-0.605221579603989,4.221889228496201e-06,candidate for indirect regulation
Y37A1B.5c,WBGene00012538,Y37A1B.5,4.57120189670429,4.221889228496201e-06,candidate for direct regulation
T19C4.1,WBGene00011838,T19C4.1,2.68096065901614,4.24147462947885e-06,candidate for direct regulation
F54D1.6,WBGene00010047,F54D1.6,0.7630742694001659,4.300013912680371e-06,candidate for direct regulation
F26F12.3b,WBGene00017834,F26F12.3,-0.6940051171608579,4.3108877715250294e-06,candidate for indirect regulation
C12D12.2b,WBGene00001620,glt-1,-0.522031124468359,4.4704989581171096e-06,candidate for indirect regulation
F02H6.5a,WBGene00008538,sqrd-1,6.06744797142094,5.29849872300942e-06,candidate for direct regulation
T07C12.9,WBGene00011573,anmt-3,-0.8718943493540721,6.69508537650439e-06,candidate for indirect regulation
C36E8.1.2,WBGene00007980,C36E8.1,4.918560580864839,7.29775651319903e-06,candidate for direct regulation
Y39G8B.1b,WBGene00012722,Y39G8B.1,-0.901842428364715,7.35006750602686e-06,candidate for indirect regulation
F10E7.2,WBGene00017344,F10E7.2,-0.4109225147643629,8.46839199624498e-06,candidate for indirect regulation
C04C11.1a,WBGene00007295,C04C11.1,2.54760381902471,8.50616252027045e-06,candidate for direct regulation
C03D6.1,WBGene00007275,C03D6.1,1.4959835745871397,8.79426897877049e-06,candidate for direct regulation
Y54G2A.39b,WBGene00043062,clec-80,2.6888085132987998,9.160623350863181e-06,candidate for direct regulation
F23A7.4.2,WBGene00009069,F23A7.4,-0.782782370802141,9.23759809784706e-06,candidate for indirect regulation
T03F6.5,WBGene00003047,lis-1,-0.34649646128484696,9.3673338791551e-06,candidate for indirect regulation
F59F4.4,WBGene00010339,acl-1,-0.476124610588721,1.13992461643068e-05,candidate for indirect regulation
W06D12.3,WBGene00001397,fat-5,-1.95238557204613,1.18641768140354e-05,candidate for indirect regulation
B0286.3,WBGene00015116,B0286.3,-0.49315261778319297,1.1891049353365599e-05,candidate for indirect regulation
C54G4.4,WBGene00008314,C54G4.4,2.35897501721191,1.24063494095525e-05,candidate for direct regulation
F36H9.3,WBGene00000976,dhs-13,-0.372769604142086,1.26552818444077e-05,candidate for indirect regulation
F26G1.11,WBGene00045455,F26G1.11,1.3985778839459801,1.3567032656882199e-05,candidate for direct regulation
T25C12.3,WBGene00012018,T25C12.3,0.5286894642807121,1.5204515699889498e-05,candidate for direct regulation
F22B5.6,WBGene00009044,F22B5.6,1.4554738229628998,1.5291413876489903e-05,candidate for direct regulation
T10B11.1,WBGene00020397,pcbd-1,-0.526808711928161,1.53260226920901e-05,candidate for indirect regulation
C44E4.4,WBGene00016653,C44E4.4,-0.31126146833107005,1.55859269445625e-05,candidate for indirect regulation
T11B7.3a,WBGene00000692,col-118,0.7086660087664091,1.71668310455751e-05,candidate for direct regulation
W05G11.6b.2,WBGene00021043,pck-1,2.65559635178625,1.7522706404212e-05,candidate for direct regulation
ZK1321.3,WBGene00000178,aqp-10,-0.36828670669710706,1.8650315009516603e-05,candidate for indirect regulation
Y37E3.10a,WBGene00021351,Y37E3.10,-0.31377462751573404,2.00792040500355e-05,candidate for indirect regulation
C05D12.7,WBGene00044029,C05D12.7,2.2839793465359,2.0979400213814702e-05,candidate for direct regulation
F55E10.6,WBGene00018885,drd-5,-0.555765082681878,2.13247501514367e-05,candidate for indirect regulation
ZK154.1,WBGene00022665,ZK154.1,2.8215404501197203,2.17705257175188e-05,candidate for direct regulation
ZK6.10a,WBGene00022644,dod-19,1.06548601084465,2.27186452939511e-05,candidate for direct regulation
F54C9.2,WBGene00006059,stc-1,-0.354475945496442,2.29183307992633e-05,candidate for indirect regulation
Y25C1A.14,WBGene00194985,Y25C1A.14,1.3212794855458998,2.55710153498e-05,candidate for direct regulation
T05C12.7,WBGene00000377,cct-1,-0.30620127276337894,2.71916759167448e-05,candidate for indirect regulation
ZK105.1,WBGene00022653,ZK105.1,-0.5718773901291321,2.784633634636e-05,candidate for indirect regulation
T07C4.7b,WBGene00003225,mev-1,0.8659545612726159,2.78757933981729e-05,candidate for direct regulation
F40G9.3,WBGene00006715,ubc-20,-0.304313584500701,2.91283279927076e-05,candidate for indirect regulation
K07C5.4,WBGene00010627,K07C5.4,-0.316404592348149,3.51831727303812e-05,candidate for indirect regulation
D1054.8,WBGene00008375,D1054.8,-0.508157792996055,3.5300373891116104e-05,candidate for indirect regulation
K10B3.8.2,WBGene00001684,gpd-2,0.6331149429115029,3.63962271018887e-05,candidate for direct regulation
F46C8.5,WBGene00000438,ceh-14,1.49534060067335,3.66364514943717e-05,candidate for direct regulation
F22A3.7,WBGene00044605,ttr-36,-0.6326661582060129,3.68670865637241e-05,candidate for indirect regulation
D1086.10a,WBGene00044080,D1086.10,0.767107199405111,3.91581031998072e-05,candidate for direct regulation
C10A4.9b,WBGene00045456,C10A4.9,2.65157750418408,4.049239316944e-05,candidate for direct regulation
R10E9.1,WBGene00003423,msi-1,-0.351444632277401,4.06038608248645e-05,candidate for indirect regulation
Y69H2.9,WBGene00013484,Y69H2.9,-1.1566467614846698,4.14629038038906e-05,candidate for indirect regulation
Y39B6A.24,WBGene00012683,asp-17,-1.96209594339276,4.33320191022959e-05,candidate for indirect regulation
Y37E3.9,WBGene00004014,phb-1,-0.29477100919583504,4.5880976607742404e-05,candidate for indirect regulation
F32B6.2,WBGene00009319,mccc-1,-0.291274085509916,4.9284009502822206e-05,candidate for indirect regulation
K02E11.5,WBGene00010514,K02E11.5,1.1738832482397101,5.36137268277758e-05,candidate for direct regulation
M60.2.2,WBGene00019779,M60.2,2.44386643691702,5.4883757922853204e-05,candidate for direct regulation
F21D5.3a.2,WBGene00009008,F21D5.3,3.0504475137861,6.21995353491743e-05,candidate for direct regulation
B0457.2,WBGene00007178,B0457.2,0.6263248758361639,6.2900330768658e-05,candidate for direct regulation
C55B6.2,WBGene00001025,dnj-7,-0.491829261608526,7.077797353091809e-05,candidate for indirect regulation
F19C7.7,WBGene00000684,col-110,2.23019148629473,7.686971590079771e-05,candidate for direct regulation
F19C6.4a,WBGene00008953,F19C6.4,-0.9057667436363479,8.08806772439106e-05,candidate for indirect regulation
T20F5.2,WBGene00003950,pbs-4,-0.28709992403467605,8.67569349252252e-05,candidate for indirect regulation
C06G8.2,WBGene00003876,pept-2,0.7073294610983829,9.662081512561679e-05,candidate for direct regulation
D2013.7,WBGene00001229,eif-3.F,-0.287247165708226,9.94544831148647e-05,candidate for indirect regulation
F35E12.9d,WBGene00009433,F35E12.9,2.9815300895102204,0.000100593054057166,candidate for direct regulation
Y53C12B.7,WBGene00013146,Y53C12B.7,1.53332511837648,0.000103913304921265,candidate for direct regulation
F44G3.6.2,WBGene00004809,skr-3,3.3306953456643,0.00010499112966941801,candidate for direct regulation
K10B3.9.2,WBGene00003124,mai-1,0.823855366961835,0.00011698565501791001,candidate for direct regulation
Y76A2B.3,WBGene00013575,acs-5,-0.39018840504839597,0.00012284730183719699,candidate for indirect regulation
C26B9.5,WBGene00016134,C26B9.5,0.45335871464992405,0.000131809397406516,candidate for direct regulation
Y80D3A.1,WBGene00006945,wars-1,-0.342027281110735,0.000143962232562181,candidate for indirect regulation
F27D4.5,WBGene00006518,tag-173,-0.282982329491887,0.000144583905256035,candidate for indirect regulation
C26E6.3,WBGene00016139,ntl-9,-0.348836012325654,0.000157623377683758,candidate for indirect regulation
ZK1037.6,WBGene00014194,ZK1037.6,0.896049077190458,0.000180290989984543,candidate for direct regulation
F02A9.2a,WBGene00001385,far-1,-0.30556756188527395,0.000180290989984543,candidate for indirect regulation
M79.2,WBGene00010902,M79.2,-0.5967014216309781,0.00020748751926006202,candidate for indirect regulation
C02F5.9,WBGene00003952,pbs-6,-0.281129918429259,0.000216091074176638,candidate for indirect regulation
F23B12.5,WBGene00009082,dlat-1,-0.270270503673481,0.000222156591046457,candidate for indirect regulation
F59F4.2,WBGene00010337,F59F4.2,-0.330907821767828,0.000222156591046457,candidate for indirect regulation
Y48A6B.3,WBGene00012964,Y48A6B.3,-0.280911347004182,0.000223261057530045,candidate for indirect regulation
W01A8.1c.2,WBGene00007024,plin-1,1.80605295866827,0.00022580326534811098,candidate for direct regulation
F53F1.2,WBGene00009980,F53F1.2,-0.34095778375729807,0.00023761732800826099,candidate for indirect regulation
F11A3.1.2,WBGene00008669,acs-14,2.8155406708273194,0.000259918195968038,candidate for direct regulation
F52H3.7a.2,WBGene00002265,lec-2,0.6237618875372111,0.000268928986612227,candidate for direct regulation
C37A2.7,WBGene00016493,C37A2.7,-0.35578288461747,0.000287106166697311,candidate for indirect regulation
C12D12.1b,WBGene00015713,C12D12.1,0.595168196544313,0.000290723287033388,candidate for direct regulation
Y49E10.1,WBGene00004506,rpt-6,-0.26816981332024203,0.000313524307897549,candidate for indirect regulation
C12D8.16,WBGene00007543,fipr-7,1.11358795729349,0.00033269188745011803,candidate for direct regulation
F14B8.3,WBGene00003987,pes-23,0.9431409645150658,0.000344391573059882,candidate for direct regulation
T21B10.7.1,WBGene00000378,cct-2,-0.26853833575874303,0.00035661979075175696,candidate for indirect regulation
F22B5.9,WBGene00001498,fars-3,-0.268098284171023,0.000373955461716434,candidate for indirect regulation
M163.1,WBGene00010935,M163.1,0.608058149872288,0.00038175863845939,candidate for direct regulation
F29C12.3b,WBGene00009245,rict-1,2.4439286702819105,0.000404807153933517,candidate for direct regulation
F54F3.1c,WBGene00003738,nid-1,-0.505195506345028,0.000410118864203292,candidate for indirect regulation
PAR2.1,WBGene00019800,mtss-1,-0.341263619043523,0.00041112594691849,candidate for indirect regulation
Y69H2.3c,WBGene00013481,Y69H2.3,0.579020006240125,0.000414873009204557,candidate for direct regulation
F49E12.8,WBGene00009901,F49E12.8,2.21673719854817,0.00041996814469597997,candidate for direct regulation
Y105E8A.19,WBGene00013677,yars-1,-0.279881859328632,0.000435226396605186,candidate for indirect regulation
Y105E8A.16.1,WBGene00004489,rps-20,-0.329710935134303,0.00045458388799792405,candidate for indirect regulation
Y105E8B.1d,WBGene00002978,lev-11,0.949766272436871,0.000482815206986947,candidate for direct regulation
F59E11.10b,WBGene00019115,nhr-195,2.52136231527645,0.000486934859969271,candidate for direct regulation
Y40B10A.6,WBGene00021491,comt-4,1.71159301901153,0.000493208248954943,candidate for direct regulation
Y39A1A.24,WBGene00012660,Y39A1A.24,-0.338001171013234,0.000509383491366099,candidate for indirect regulation
F26G1.10,WBGene00044663,F26G1.10,2.54387720126857,0.000509968350667264,candidate for direct regulation
F33D11.11.1,WBGene00018008,vpr-1,-0.30218280466125297,0.000525576001997748,candidate for indirect regulation
CD4.6,WBGene00003927,pas-6,-0.256597498885658,0.0005300101637006191,candidate for indirect regulation
F31D4.3,WBGene00001431,fkb-6,-0.278575036723265,0.0005635574208274679,candidate for indirect regulation
F15G9.4c,WBGene00001863,him-4,-0.394118931329795,0.000571665236363738,candidate for indirect regulation
F28G4.5,WBGene00009230,oac-18,2.5770257476906298,0.000582179583100752,candidate for direct regulation
R05D11.3,WBGene00004305,ran-4,-0.288510994125864,0.000637526035558803,candidate for indirect regulation
F42A10.4a,WBGene00001160,efk-1,3.1572254221598604,0.000650753123282235,candidate for direct regulation
F58F12.1,WBGene00019061,F58F12.1,-0.25715999568647696,0.000669500550373142,candidate for indirect regulation
F35C5.8.2,WBGene00009396,clec-65,1.38132876775435,0.000675833894616049,candidate for direct regulation
F10G8.3.1,WBGene00003803,rae-1,-0.32372606360618,0.000676305984550163,candidate for indirect regulation
C18A3.3,WBGene00015941,C18A3.3,-0.263416456136567,0.000693524449331124,candidate for indirect regulation
F47E1.4,WBGene00018568,F47E1.4,1.54090244877467,0.000694955875752144,candidate for direct regulation
T20F5.7,WBGene00020629,T20F5.7,-0.303850297872031,0.000715669000297272,candidate for indirect regulation
R08E5.2a,WBGene00019962,cysl-3,3.4081274034116804,0.000753433429584537,candidate for direct regulation
C26B2.1.1,WBGene00016124,dnc-4,3.21190327414628,0.000759389379140958,candidate for direct regulation
F25A2.1,WBGene00017764,F25A2.1,1.3650566125765702,0.000770935465980014,candidate for direct regulation
T03G11.4,WBGene00020197,mans-3,-0.46123430365239293,0.000776342271326779,candidate for indirect regulation
C15F1.6,WBGene00000198,art-1,-0.24836248419721302,0.0008159014374883019,candidate for indirect regulation
C54G4.8,WBGene00000869,cyc-1,-0.255518697474244,0.000838227008906322,candidate for indirect regulation
R11A8.5,WBGene00011239,pges-2,-0.26912752034778403,0.000859946887628402,candidate for indirect regulation
C52A11.4j,WBGene00003404,mpz-1,1.0238775423047801,0.000861023486565356,candidate for direct regulation
Y34D9A.11,WBGene00021335,spp-23,-0.5636538529176489,0.000919054099227944,candidate for indirect regulation
C50F7.4,WBGene00016844,sucg-1,-0.258089202171367,0.0009757732039279401,candidate for indirect regulation
C14F11.5a,WBGene00002024,hsp-43,0.364568034052476,0.00106256952479893,candidate for direct regulation
F19B6.2a,WBGene00006733,ufd-1,0.35426829068471,0.0010736075084434,candidate for direct regulation
F40F4.5,WBGene00006535,tba-9,0.905926827944947,0.00113482527839658,candidate for direct regulation
C33G3.4,WBGene00007904,C33G3.4,0.54452074829086,0.00120794287134128,candidate for direct regulation
Y53G8AL.2,WBGene00021800,Y53G8AL.2,-0.245812298004941,0.00123553208562519,candidate for indirect regulation
F35H8.6,WBGene00009450,ugt-58,-0.34714028572697603,0.00124693455666937,candidate for indirect regulation
F29F11.6b,WBGene00001747,gsp-1,-0.250426914545675,0.00126132339989916,candidate for indirect regulation
F29F11.6a,WBGene00001747,gsp-1,-0.250426914545675,0.00126132339989916,candidate for indirect regulation
K01F9.2,WBGene00010475,K01F9.2,1.09295113554398,0.00131351161746685,candidate for direct regulation
B0228.4d,WBGene00015061,cpna-2,-0.483139649495203,0.00133439470408191,candidate for indirect regulation
K09C4.1a,WBGene00019547,K09C4.1,-1.25835983569745,0.0013363163540572,candidate for indirect regulation
F42G4.3b,WBGene00006999,zyx-1,0.518788522115651,0.00141140532575137,candidate for direct regulation
C23H3.7,WBGene00006611,tre-5,1.3284966256192299,0.00145680180083473,candidate for direct regulation
T14A8.2b,WBGene00020497,T14A8.2,4.03037609611938,0.0015797759592161,candidate for direct regulation
C06A1.5,WBGene00007355,rpb-6,-0.26463123432786,0.00160660504126606,candidate for indirect regulation
F15E11.12b,WBGene00017498,pud-4,-3.78996964628092,0.0016070315912394301,candidate for indirect regulation
C16A11.4a,WBGene00015817,C16A11.4,-0.517012374223475,0.00161909047842024,candidate for indirect regulation
K02F3.9,WBGene00019332,K02F3.9,-0.358778852059456,0.00161909047842024,candidate for indirect regulation
Y71F9B.4.1,WBGene00004920,snr-7,-0.664491575075944,0.00164160723802361,candidate for indirect regulation
R12E2.12,WBGene00020037,mrps-6,-0.36015951039496996,0.00165241235802168,candidate for indirect regulation
F10E7.5,WBGene00017347,F10E7.5,-0.26486706076831895,0.00166085150454193,candidate for indirect regulation
K08D8.6a,WBGene00010660,K08D8.6,0.588729910520121,0.00167607789148905,candidate for direct regulation
Y48B6A.4,WBGene00001133,eat-2,1.29569369246271,0.00170589942809809,candidate for direct regulation
B0205.11,WBGene00015025,mrpl-9,-0.30465026895889197,0.00172781640147074,candidate for indirect regulation
K12F2.1,WBGene00003515,myo-3,0.46154112610095893,0.00173131300951844,candidate for direct regulation
C25B8.3a,WBGene00000786,cpr-6,-0.386483809321101,0.0017433927667682,candidate for indirect regulation
F40F8.1c,WBGene00009575,F40F8.1,-0.844356346620975,0.0017433927667682,candidate for indirect regulation
C49C3.9,WBGene00008199,C49C3.9,0.475595606786945,0.00178610086276045,candidate for direct regulation
C34D4.11a,WBGene00016403,grsp-3,1.20170677514874,0.0019399523995681,candidate for direct regulation
F26D10.9a,WBGene00000224,atgp-1,0.42153360416903995,0.00194028219090722,candidate for direct regulation
M03B6.1,WBGene00010833,M03B6.1,-0.955774118649342,0.00198695465501605,candidate for indirect regulation
C30C11.2,WBGene00004460,rpn-3,-0.23311234467534697,0.0021226566045422198,candidate for indirect regulation
F32A7.6,WBGene00000088,aex-5,0.375254486323096,0.00214156715054565,candidate for direct regulation
T25B2.2b,WBGene00020786,T25B2.2,1.13769128613153,0.00221856532025051,candidate for direct regulation
C41G7.9a.2,WBGene00077771,C41G7.9,4.01528634893445,0.00222101904033456,candidate for direct regulation
Y55B1AR.1.2,WBGene00002269,lec-6,-0.43982290188841405,0.00248336963336499,candidate for indirect regulation
D1086.7,WBGene00008394,D1086.7,0.548565591429978,0.00253579262081022,candidate for direct regulation
C01F1.2,WBGene00015297,sco-1,-0.301618018320367,0.0026268356612852103,candidate for indirect regulation
ZC434.8.2,WBGene00013894,ZC434.8,-0.44205007271735,0.00263196031890157,candidate for indirect regulation
W08E3.1,WBGene00004915,snr-2,-0.311505745561401,0.00271203703072711,candidate for indirect regulation
W10D5.2.1,WBGene00012376,nduf-7,-0.24147361508703602,0.00272001292678765,candidate for indirect regulation
T28F2.4a,WBGene00020902,jmjc-1,0.609572973420296,0.0027266211780087803,candidate for direct regulation
F39H12.4,WBGene00018215,igcm-1,1.5698071268364298,0.00275996537472953,candidate for direct regulation
Y57G11C.13,WBGene00000192,arl-8,-0.23593789614115399,0.0029802041401481303,candidate for indirect regulation
Y116A8C.42,WBGene00004914,snr-1,-0.261677843570669,0.00311175495471876,candidate for indirect regulation
H23N18.6,WBGene00044534,H23N18.6,2.39191501951281,0.00320862344807404,candidate for direct regulation
F02A9.4b,WBGene00008514,F02A9.4,-0.25772984122757797,0.0032203357182628398,candidate for indirect regulation
B0261.4a,WBGene00015092,mrpl-47,-0.36791951132422707,0.0032475291073310896,candidate for indirect regulation
B0261.4b,WBGene00015092,mrpl-47,-0.36791951132422707,0.0032475291073310896,candidate for indirect regulation
Y110A7A.13,WBGene00000502,chp-1,-0.266963009141882,0.00326394557382404,candidate for indirect regulation
F41E6.7,WBGene00018288,F41E6.7,2.1343899270311697,0.00327766674815211,candidate for direct regulation
T19D12.1,WBGene00020576,T19D12.1,0.635874870876481,0.00334195319849105,candidate for direct regulation
M110.5b.2,WBGene00000894,dab-1,1.90364571297097,0.0036362324438389704,candidate for direct regulation
F19C6.5,WBGene00008954,F19C6.5,-1.01519399816153,0.00370049142102479,candidate for indirect regulation
F57B1.4.2,WBGene00000733,col-160,0.485743437260236,0.0038084337874359,candidate for direct regulation
F52B5.6.4,WBGene00004439,rpl-25.2,-0.273655578132781,0.00398819403418087,candidate for indirect regulation
W09D10.3,WBGene00012361,mrpl-12,-0.27964539665957,0.00414379168510938,candidate for indirect regulation
C46C2.2.2,WBGene00008110,C46C2.2,-3.0078378271897,0.00417761831370742,candidate for indirect regulation
B0361.9,WBGene00015163,B0361.9,0.41590225640882894,0.00419726757185733,candidate for direct regulation
F42F12.3,WBGene00009635,F42F12.3,-0.569861093915495,0.004492211338937529,candidate for indirect regulation
Y67D8A.3,WBGene00022060,dmd-9,0.56079769108398,0.00459516973291131,candidate for direct regulation
F08F8.5,WBGene00017270,numr-1,2.49335810375092,0.00459817333829318,candidate for direct regulation
ZK180.4,WBGene00022678,sar-1,-0.219186350084976,0.00461841656733788,candidate for indirect regulation
F35C8.5,WBGene00018036,F35C8.5,-0.337857332259278,0.00477919134028068,candidate for indirect regulation
M176.3,WBGene00010942,chch-3,-0.24063412563657802,0.00484155380231189,candidate for indirect regulation
C16E9.1,WBGene00015865,C16E9.1,0.687111368577151,0.00492233923725468,candidate for direct regulation
VC5.5,WBGene00003725,nhr-135,0.6672232834655539,0.00492233923725468,candidate for direct regulation
K05C4.2,WBGene00010579,K05C4.2,-0.23198767983779398,0.00518282269449829,candidate for indirect regulation
F35B12.8,WBGene00009387,glb-15,1.66100001286198,0.00526174740617634,candidate for direct regulation
T22C8.2,WBGene00011923,chhy-1,0.6503672083626469,0.00537244055055347,candidate for direct regulation
F25B5.2a.1,WBGene00017774,nop-1,0.518142034355305,0.00542321562608956,candidate for direct regulation
F32D8.3,WBGene00009328,F32D8.3,2.02524084143736,0.00551496166905879,candidate for direct regulation
F07F6.4,WBGene00017217,F07F6.4,-0.22490212697339101,0.00554719584566765,candidate for indirect regulation
C06E4.2b,WBGene00015531,C06E4.2,2.74349234004499,0.005678292327682979,candidate for direct regulation
F31E9.3,WBGene00009296,F31E9.3,1.09125392006499,0.005678292327682979,candidate for direct regulation
C09D1.1e,WBGene00006820,unc-89,1.7425114818911103,0.00569851231035865,candidate for direct regulation
ZK20.6,WBGene00013926,nep-1,0.397212710039938,0.005707355607051471,candidate for direct regulation
T04C9.4d,WBGene00003375,mlp-1,1.85001896816388,0.00574083880534682,candidate for direct regulation
F55G1.15,WBGene00018907,F55G1.15,0.7723686440068309,0.00585371184938156,candidate for direct regulation
F47G9.1,WBGene00009829,F47G9.1,-0.22803054685858,0.00633762393008406,candidate for indirect regulation
Y39H10B.2a,WBGene00044527,Y39H10B.2,-0.608698947573038,0.0065121547430229,candidate for indirect regulation
C28H8.6a,WBGene00016197,pxl-1,2.44246026543354,0.00656018816740821,candidate for direct regulation
R07B1.10,WBGene00002271,lec-8,0.364106333186566,0.00656018816740821,candidate for direct regulation
F56E10.4.1,WBGene00004496,rps-27,-0.471103852021121,0.00660786348954601,candidate for indirect regulation
B0564.1a,WBGene00007201,exos-4.1,-0.241199509085115,0.00675879765371854,candidate for indirect regulation
K07C11.8.2,WBGene00019480,K07C11.8,0.714180579234797,0.00693850715165419,candidate for direct regulation
F26F4.11,WBGene00017830,rpb-8,-0.253057652176089,0.00694124139992045,candidate for indirect regulation
F39G3.3,WBGene00018208,F39G3.3,-0.289805398756274,0.00716246138732955,candidate for indirect regulation
F12F6.8,WBGene00008723,F12F6.8,1.99620766407812,0.00720045900118463,candidate for direct regulation
F54C1.1,WBGene00018789,F54C1.1,0.9885956172991359,0.00748082432800449,candidate for direct regulation
F56D1.6,WBGene00023407,cex-1,0.5828882916415071,0.00763813121149187,candidate for direct regulation
F21D5.7,WBGene00009012,F21D5.7,-0.21515245007787898,0.00763949962820545,candidate for indirect regulation
K01G5.4,WBGene00004302,ran-1,-0.23805674887535602,0.007710718922938409,candidate for indirect regulation
F43D2.6,WBGene00044191,F43D2.6,0.4057582339793351,0.00790064999523326,candidate for direct regulation
Y105E8B.1b.2,WBGene00002978,lev-11,1.0542835415735101,0.00817737702327384,candidate for direct regulation
Y105E8B.1j,WBGene00002978,lev-11,1.0542835415735101,0.00817737702327384,candidate for direct regulation
T21C12.2,WBGene00001993,hpd-1,-0.339436797805194,0.00840594060846962,candidate for indirect regulation
F35G12.10.1,WBGene00000206,asb-1,-0.21175850214098102,0.0089183545416317,candidate for indirect regulation
Y55H10A.1,WBGene00021952,vha-19,-0.20565809395215304,0.00896623667572287,candidate for indirect regulation
C09D1.1f,WBGene00006820,unc-89,1.9331874062828502,0.009169070092236059,candidate for direct regulation
C54D10.7,WBGene00008301,dct-3,2.1269280932148398,0.00929391251208525,candidate for direct regulation
ZK1098.7,WBGene00014224,mrps-23,-0.35322539380204604,0.00933651178039877,candidate for indirect regulation
M03D4.4a,WBGene00019751,M03D4.4,2.6081445145864,0.00947279145387441,candidate for direct regulation
C44B7.12,WBGene00016632,C44B7.12,-0.236372364903374,0.00947279145387441,candidate for indirect regulation
DC2.3b,WBGene00017080,lec-12,-1.54315594209543,0.00997998810833689,candidate for indirect regulation
F02D8.5,WBGene00008522,F02D8.5,-1.06619158683924,0.0101007590981562,candidate for indirect regulation
Y57A10A.27,WBGene00013267,Y57A10A.27,-0.304577052823135,0.0108781036626825,candidate for indirect regulation
F35E12.9c,WBGene00009433,F35E12.9,4.28622364795706,0.0112207661106066,candidate for direct regulation
Y119D3B.20,WBGene00022496,fbxa-92,2.54187636577332,0.0116642385931905,candidate for direct regulation
M88.7,WBGene00010909,cisd-3.1,-0.294462475089016,0.011713814805898,candidate for indirect regulation
C43C3.1,WBGene00002067,ifp-1,0.647318874199709,0.011759401561338001,candidate for direct regulation
K07H8.10,WBGene00019510,K07H8.10,-0.258441094130339,0.0117869240860645,candidate for indirect regulation
F18E2.2,WBGene00006512,abcf-1,-0.20192199528673,0.0118457671480538,candidate for indirect regulation
Y40G12A.1,WBGene00006723,ubh-3,-0.264167194056613,0.0120559737106014,candidate for indirect regulation
ZK829.9,WBGene00014097,ZK829.9,0.209747377293254,0.0122574216244339,candidate for direct regulation
F35C12.3c,WBGene00009408,F35C12.3,3.42029091317357,0.0124660011752882,candidate for direct regulation
C15H11.7,WBGene00003922,pas-1,-0.19895551253304103,0.0125188461694823,candidate for indirect regulation
C46F11.2a,WBGene00008117,gsr-1,1.0099363260976701,0.0126647358463578,candidate for direct regulation
K03A1.6,WBGene00001912,his-38,-0.995749519040146,0.012705189203722999,candidate for indirect regulation
F18F11.5,WBGene00017578,drl-1,-0.449322818374865,0.0129248995184649,candidate for indirect regulation
T22D1.3e.4,WBGene00020682,T22D1.3,3.3440845728593396,0.0130952321529521,candidate for direct regulation
F10F2.2,WBGene00008654,F10F2.2,-0.312099364668312,0.0135329625337527,candidate for indirect regulation
ZC116.3,WBGene00013855,ZC116.3,0.643358528894166,0.0135672778701263,candidate for direct regulation
M6.1d,WBGene00002056,ifc-2,0.579672319721121,0.0138758269710819,candidate for direct regulation
C09H10.3,WBGene00003831,nuo-1,-0.20235746752432196,0.0139221435076662,candidate for indirect regulation
Y40B10A.2a,WBGene00021487,comt-3,-0.915376972838195,0.0140007341722538,candidate for indirect regulation
T10F2.2,WBGene00020422,T10F2.2,-0.23085715928125697,0.0144808540608337,candidate for indirect regulation
C44E4.3,WBGene00016652,got-2.1,-0.218695335223882,0.0145345059705197,candidate for indirect regulation
C24F3.4a,WBGene00007698,qns-1,2.52861809601938,0.0146395129493845,candidate for direct regulation
B0491.7,WBGene00007194,B0491.7,-0.313926160123935,0.01499239307428,candidate for indirect regulation
Y55F3AM.1,WBGene00021920,mrps-25,-0.28370067689148903,0.0150915007528519,candidate for indirect regulation
F43E2.5.2,WBGene00018393,msra-1,-1.38390210298604,0.0151394441886422,candidate for indirect regulation
Y47G6A.22,WBGene00021647,Y47G6A.22,-0.24068245981266398,0.0151491698024397,candidate for indirect regulation
K11G9.2,WBGene00019653,K11G9.2,-0.900004335199525,0.0156733416088591,candidate for indirect regulation
F09A5.2,WBGene00008599,F09A5.2,0.6871272178607379,0.015910203619897,candidate for direct regulation
Y49E10.15,WBGene00004919,snr-6,-0.222658081781898,0.0161788329219148,candidate for indirect regulation
T24H7.1,WBGene00004015,phb-2,-0.190448085800279,0.0167518628821465,candidate for indirect regulation
H20J04.5,WBGene00019220,pfd-2,-0.26132199901966896,0.0167673702174036,candidate for indirect regulation
K09E2.3,WBGene00019572,K09E2.3,-0.242874719317233,0.0172022596334092,candidate for indirect regulation
C39B5.14.2,WBGene00189950,C39B5.14,-1.8828992350553102,0.0175333276484436,candidate for indirect regulation
ZK652.11,WBGene00000835,cuc-1,-0.302387885784711,0.0184198197014902,candidate for indirect regulation
W01F3.2,WBGene00012185,W01F3.2,0.455285621785034,0.0188645813911742,candidate for direct regulation
T11B7.4d,WBGene00001132,alp-1,0.505788416248817,0.018977539129209,candidate for direct regulation
K12H4.3,WBGene00019678,K12H4.3,-0.22068666646580498,0.0192677283932061,candidate for indirect regulation
F15D3.7,WBGene00008857,timm-23,-0.222153887804113,0.0194446306523618,candidate for indirect regulation
F25E2.2b,WBGene00017780,F25E2.2,-0.25635947739814396,0.0203672268665596,candidate for indirect regulation
C37C3.6a.1,WBGene00003242,mig-6,0.367928308140704,0.0206669278590504,candidate for direct regulation
C34F6.7,WBGene00007941,C34F6.7,-0.413606167178566,0.0213088985206799,candidate for indirect regulation
K02B2.4a,WBGene00002129,inx-7,0.41058863076046204,0.0216148199073609,candidate for direct regulation
R08F11.7,WBGene00019970,R08F11.7,1.46090795177836,0.02239645261983,candidate for direct regulation
Y94H6A.5a,WBGene00022378,Y94H6A.5,-0.222370164508433,0.022657510413051002,candidate for indirect regulation
B0513.1c,WBGene00001562,lin-66,0.431295486215995,0.0226920911754398,candidate for direct regulation
C50F4.13,WBGene00001909,his-35,-0.239164204621865,0.026093172302063,candidate for indirect regulation
DY3.1,WBGene00006574,tin-13,-0.24880706528213895,0.0263447817801447,candidate for indirect regulation
F35G2.3,WBGene00009437,F35G2.3,1.84768156570738,0.027653739159453,candidate for direct regulation
C41A3.1,WBGene00016558,C41A3.1,-0.420052302273075,0.0277782580487784,candidate for indirect regulation
Y76A2B.5.2,WBGene00013577,Y76A2B.5,2.15631476323856,0.0284394695525864,candidate for direct regulation
C01A2.3,WBGene00007215,oxa-1,-0.22277657840327802,0.0298728686152257,candidate for indirect regulation
F36H5.1,WBGene00018100,math-26,-0.327841554345148,0.0305580747188006,candidate for indirect regulation
F08A8.3,WBGene00008566,acox-3,-0.597853864471868,0.0321533426037099,candidate for indirect regulation
F47B7.7b,WBGene00018538,F47B7.7,0.627859115540341,0.0342117007161624,candidate for direct regulation
Y105E8B.5,WBGene00013690,hprt-1,-0.18271027805572196,0.0355257886382888,candidate for indirect regulation
C55B6.1a,WBGene00016939,C55B6.1,0.46402936508225395,0.0357323715886502,candidate for direct regulation
F53F4.10,WBGene00009992,F53F4.10,-0.172114599091722,0.0373511432889168,candidate for indirect regulation
F57B10.5,WBGene00019003,F57B10.5,-0.211171696008747,0.0389874217655988,candidate for indirect regulation
C15C6.3,WBGene00007602,C15C6.3,0.23834546323899802,0.0419552276752928,candidate for direct regulation
Y54E10BL.6,WBGene00003186,mek-2,-0.248614386597713,0.042092393941080004,candidate for indirect regulation
F56B3.8a,WBGene00018932,mrpl-2,-0.231341543688242,0.0423296039183026,candidate for indirect regulation
Y37E11B.7a,WBGene00021379,Y37E11B.7,0.9625676017273721,0.042646106946848,candidate for direct regulation
C01F6.6i,WBGene00006438,nrfl-1,1.75435899227923,0.0452524998214321,candidate for direct regulation
K09E2.4a,WBGene00004369,rig-1,0.6365817686466221,0.0461396344451162,candidate for direct regulation
K04C2.2,WBGene00019380,K04C2.2,-0.17100011230106,0.0463743327794358,candidate for indirect regulation
LLC1.121,WBGene00235121,LLC1.121,0.7232984816877991,0.0468413983203862,candidate for direct regulation
F44G4.8b,WBGene00009717,dep-1,0.483626150816224,0.0478149757535804,candidate for direct regulation
ZK546.15,WBGene00006619,try-1,0.304054850802133,0.0490583029107072,candidate for direct regulation
Y69A2AR.25,WBGene00022096,Y69A2AR.25,-0.882216251683475,0.0493154606922957,candidate for indirect regulation
C33A12.12,WBGene00007887,gadr-2,0.937019483714896,0.0496081179326221,candidate for direct regulation
Y71H2AM.8,WBGene00022173,set-27,-0.356970656289405,0.0504789974908724,candidate for indirect regulation
ZK795.3,WBGene00014083,ZK795.3,-0.23603554870678398,0.0523157388015921,candidate for indirect regulation
T27E9.1d.21,WBGene00006439,ant-1.1,4.35720943854212,0.0576183171565878,candidate for direct regulation
Y48G1A.4,WBGene00021660,Y48G1A.4,-0.19631101818083802,0.05849645324984599,candidate for indirect regulation
Y56A3A.19,WBGene00013237,Y56A3A.19,-0.18618553526623,0.0591331935696073,candidate for indirect regulation
Y37E3.8b.1,WBGene00021350,Y37E3.8,-0.3794065453189939,0.0614116881952627,candidate for indirect regulation
Y37D8A.19,WBGene00012557,Y37D8A.19,0.33734945685599604,0.0617375896839785,candidate for direct regulation
K04F10.4a.1,WBGene00000254,bli-4,0.546921093497956,0.0631118568305081,candidate for direct regulation
C01B9.1b,WBGene00007220,C01B9.1,2.18750002934716,0.0636697399976175,candidate for direct regulation
ZK250.13.1,WBGene00235352,ZK250.13,1.57628650983827,0.0644432555891512,candidate for direct regulation
F47H4.10,WBGene00004811,skr-5,0.986981088919542,0.0644557048233738,candidate for direct regulation
C24H10.5,WBGene00006861,cal-5,0.191094168859553,0.0654776096041998,candidate for direct regulation
Y71G10AL.1a,WBGene00022134,Y71G10AL.1,-0.214265410883996,0.0656037525913781,candidate for indirect regulation
F57F5.1,WBGene00010204,F57F5.1,-0.213583169340856,0.0659675863072403,candidate for indirect regulation
F31D4.1,WBGene00009289,exos-7,-0.22760038289495602,0.0664842235178556,candidate for indirect regulation
ZK637.2,WBGene00014022,ZK637.2,-0.17977225383476197,0.0700342217332029,candidate for indirect regulation
F30A10.9,WBGene00009266,F30A10.9,-0.21498982045016002,0.0702195930977736,candidate for indirect regulation
T04C12.6.4,WBGene00000063,act-1,1.6846608755119101,0.0717483370261707,candidate for direct regulation
W09B7.2,WBGene00021107,W09B7.2,0.6601800293098571,0.0726912133577685,candidate for direct regulation
F07B7.2,WBGene00017186,F07B7.2,0.6601800293098571,0.0726912133577685,candidate for direct regulation
Y32G9A.8a,WBGene00021305,oig-6,1.0343133687796,0.0747086028818377,candidate for direct regulation
F11C1.3,WBGene00008692,scav-4,0.46965723079393995,0.0747086028818377,candidate for direct regulation
Y57G7A.10,WBGene00021973,emc-2,-0.196632106706593,0.0749000587872706,candidate for indirect regulation
C05D11.11b.1,WBGene00003214,mel-32,-2.22088414558256,0.0769229463051466,candidate for indirect regulation
Y105E8A.1b,WBGene00013666,Y105E8A.1,-1.3244915491834799,0.0811834842026737,candidate for indirect regulation
F28C6.7a.1,WBGene00004440,rpl-26,-0.251898119248245,0.0826301643714721,candidate for indirect regulation
K08E4.2a,WBGene00010666,K08E4.2,0.455995631651997,0.0836436714124788,candidate for direct regulation
D1086.6,WBGene00008393,D1086.6,0.27626269899882694,0.0844584565462374,candidate for direct regulation
T15B7.5,WBGene00000714,col-141,0.44804767076621704,0.0848066301234518,candidate for direct regulation
C17E4.5,WBGene00003904,pabp-2,-0.156464288346488,0.087149087692759,candidate for indirect regulation
ZK1151.1a,WBGene00006876,vab-10,2.2867311208826098,0.087149087692759,candidate for direct regulation
Y48G10A.1.2,WBGene00013018,Y48G10A.1,-0.40600085822813603,0.08728433570887201,candidate for indirect regulation
F41G4.2a,WBGene00000294,cas-1,0.33306537666843894,0.0881057961668288,candidate for direct regulation
Y94H6A.10,WBGene00022382,Y94H6A.10,-0.715887679258022,0.0918989505927081,candidate for indirect regulation
Y71H2AM.3,WBGene00022168,Y71H2AM.3,-0.290311040312844,0.0934139531793369,candidate for indirect regulation
T20H4.5,WBGene00020636,T20H4.5,-0.15276017196800304,0.0939680120932247,candidate for indirect regulation
R07E5.10a,WBGene00011116,pdcd-2,-0.19530557987560498,0.0949523690323073,candidate for indirect regulation
C49H3.9,WBGene00016794,C49H3.9,-0.17950815732513897,0.096152317255015,candidate for indirect regulation
F43D2.3,WBGene00009652,F43D2.3,1.27972111785464,0.0963442688384554,candidate for direct regulation
F08F3.6,WBGene00017263,F08F3.6,0.26932866118954996,0.0994283559846083,candidate for direct regulation
